pais,n_obs,periodo_inicial,periodo_final,correlacao,media_diff,dp_diff,min_diff,max_diff,yoy_media_sa,yoy_media_nsa
EUA,292,2002-01,2026-04,0.97213327036123,0.004799315068493135,1.098248583488069,-2.4170000000000016,2.4565999999999946,0.6184010980224486,0.6177298758640722
Brasil,291,2002-01,2026-03,0.7828672078186886,0.07533075601374561,6.9108143590297555,-12.080439999999996,13.47242,0.7058506911006482,0.7287018352111624
