pais,serie,n,media,dp,min,p25,p50,p75,max
EUA,ind_prod_sa,292,97.79895684931506,4.535412670417528,84.5619,94.964525,99.21335,101.09705,104.1004
EUA,ind_prod_nsa,292,97.79415753424658,4.684140393141288,82.5429,95.204375,99.2285,101.152375,106.086
EUA,fed_funds,292,1.7791438356164384,1.8544247132307388,0.05,0.14,1.15,3.125,5.33
Brasil,ind_prod_nsa,291,105.59694243986254,11.103255814402209,70.24669,97.26701,105.592,112.76073,131.19189
Brasil,ind_prod_sa,291,105.67227319587629,8.506777384510892,75.48464,100.12585999999999,103.66797,114.234385,122.30336
Brasil,selic,293,11.903276450511946,4.8170179396435335,1.9,8.65,11.73,14.15,26.32
